"PH_15,",0
"PH_15,",0
"PK_1,",1
"PK_1,",1
"PJ_11,",2
"PJ_11,",2
"PG_7,",3
"PG_7,",3
"PC_7,",4
"PC_7,",4
"PC_6,",5
"PC_6,",5
"PA_8,",6
"PA_8,",6
"PI_0,",7
"PI_0,",7
"PC_3,",8
"PC_3,",8
"PI_1,",9
"PI_1,",9
"PC_2,",10
"PC_2,",10
"PH_8,",11
"PH_8,",11
"PH_7,",12
"PH_7,",12
"PA_10,",13
"PA_10,",13
"PA_9,",14
"PA_9,",14
"P1_0,",15
"P1_1,",16
"P3_2,",17
"P3_3,",18
"PS_2,",19
"PS_3,",20
"PA_4,",21
"PA_4,",21
"PA_6,",22
"PA_6,",22
"PK_5,",23
"PK_5,",23
"PK_6,",24
"PK_6,",24
"PK_7,",25
"PK_7,",25
"PA_0,",26
"PA_1,",27
"PA_2,",28
"PA_3,",29
"PA_5,",31
"PA_7,",33
"PA_11,",37
"PA_12,",38
"PA_13,",39
"PA_14,",40
"PA_15,",41
"PB_0,",42
"PB_1,",43
"PB_2,",44
"PB_3,",45
"PB_4,",46
"PB_5,",47
"PB_6,",48
"PB_7,",49
"PB_8,",50
"PB_9,",51
"PB_10,",52
"PB_11,",53
"PB_12,",54
"PB_13,",55
"PB_14,",56
"PB_15,",57
"PC_0,",58
"PC_1,",59
"PC_4,",62
"PC_5,",63
"PC_8,",66
"PC_9,",67
"PC_10,",68
"PC_11,",69
"PC_12,",70
"PC_13,",71
"PC_14,",72
"PC_15,",73
"PD_0,",74
"PD_1,",75
"PD_2,",76
"PD_3,",77
"PD_4,",78
"PD_5,",79
"PD_6,",80
"PD_7,",81
"PD_8,",82
"PD_9,",83
"PD_10,",84
"PD_11,",85
"PD_12,",86
"PD_13,",87
"PD_14,",88
"PD_15,",89
"PE_0,",90
"PE_1,",91
"PE_2,",92
"PE_3,",93
"PE_4,",94
"PE_5,",95
"PE_6,",96
"PE_7,",97
"PE_8,",98
"PE_9,",99
"PE_10,",100
"PE_11,",101
"PE_12,",102
"PE_13,",103
"PE_14,",104
"PE_15,",105
"PF_0,",106
"PF_1,",107
"PF_2,",108
"PF_3,",109
"PF_4,",110
"PF_5,",111
"PF_6,",112
"PF_7,",113
"PF_8,",114
"PF_9,",115
"PF_10,",116
"PF_11,",117
"PF_12,",118
"PF_13,",119
"PF_14,",120
"PF_15,",121
"PG_0,",122
"PG_1,",123
"PG_2,",124
"PG_3,",125
"PG_4,",126
"PG_5,",127
"PG_6,",128
"PG_8,",130
"PG_9,",131
"PG_10,",132
"PG_11,",133
"PG_12,",134
"PG_13,",135
"PG_14,",136
"PG_15,",137
"PH_0,",138
"PH_1,",139
"PH_2,",140
"PH_3,",141
"PH_4,",142
"PH_5,",143
"PH_6,",144
"PH_9,",147
"PH_10,",148
"PH_11,",149
"PH_12,",150
"PH_13,",151
"PH_14,",152
"PI_2,",156
"PI_3,",157
"PI_4,",158
"PI_5,",159
"PI_6,",160
"PI_7,",161
"PI_8,",162
"PI_9,",163
"PI_10,",164
"PI_11,",165
"PI_12,",166
"PI_13,",167
"PI_14,",168
"PI_15,",169
"PJ_0,",170
"PJ_1,",171
"PJ_2,",172
"PJ_3,",173
"PJ_4,",174
"PJ_5,",175
"PJ_6,",176
"PJ_7,",177
"PJ_8,",178
"PJ_9,",179
"PJ_10,",180
"PJ_12,",182
"PJ_13,",183
"PJ_14,",184
"PJ_15,",185
"PK_0,",186
"PK_2,",188
"PK_3,",189
"PK_4,",190
"PA_-1,",255
"PA_-1,",255
